population;name;nameGenitive;nameDative;nameAccusative;nameInstrumental;namePrepositional;nameTranslit
12380664;Москва;из Москвы;по Москве;в Москву;Москвой;о Москве;moskva
7500000;Санкт-Петербург;из Санкт-Петербурга;по Санкт-Петербургу;в Санкт-Петербург;Санкт-Петербургом;о Санкт-Петербурге;sankt-peterburg
1602915;Новосибирск;из Новосибирска;по Новосибирску;в Новосибирск;Новосибирском;о Новосибирске;novosibirsk
1455904;Екатеринбург;из Екатеринбурга;по Екатеринбургу;в Екатеринбург;Екатеринбургом;о Екатеринбурге;ekaterinburg
1264075;Нижний Новгород;из Нижнего Новгорода;по Нижнему Новгороду;в Нижний Новгород;Нижним Новгородом;о Нижнем Новгороде;nizhnij-novgorod
1231878;Казань;из Казани;по Казани;в Казань;Казанью;о Казани;kazan
1198858;Челябинск;из Челябинска;по Челябинску;в Челябинск;Челябинском;о Челябинске;chelyabinsk
1178391;Омск;из Омска;по Омску;в Омск;Омском;об Омске;omsk
1170910;Самара;из Самары;по Самаре;в Самару;Самарой;о Самаре;samara
1125299;Ростов-на-Дону;из Ростова-на-Дону;по Ростову-на-Дону;в Ростов-на-Дону;Ростовом-на-Дону;о Ростове-на-Дону;rostov-na-donu
1130000;Уфа;из Уфы;по Уфе;в Уфу;Уфой;об Уфе;ufa
1083865;Красноярск;из Красноярска;по Красноярску;в Красноярск;Красноярском;о Красноярске;krasnoyarsk
1048011;Пермь;из Перми;по Перми;в Пермь;Пермью;о Перми;perm
1039801;Воронеж;из Воронежа;по Воронежу;в Воронеж;Воронежем;о Воронеже;voronezh
1015586;Волгоград;из Волгограда;по Волгограду;в Волгоград;Волгоградом;о Волгограде;volgograd
881476;Краснодар;из Краснодара;по Краснодару;в Краснодар;Краснодаром;о Краснодаре;krasnodar
843460;Саратов;из Саратова;по Саратову;в Саратов;Саратовом;о Саратове;saratov
744554;Тюмень;из Тюмени;по Тюмени;в Тюмень;Тюменью;о Тюмени;tyumen
710567;Тольятти;из Тольятти;по Тольятти;в Тольятти;Тольятти;о Тольятти;tolyatti
646277;Ижевск;из Ижевска;по Ижевску;в Ижевск;Ижевском;об Ижевске;izhevsk
633301;Барнаул;из Барнаула;по Барнаулу;в Барнаул;Барнаулом;о Барнауле;barnaul
624518;Ульяновск;из Ульяновска;по Ульяновску;в Ульяновск;Ульяновском;об Ульяновске;ulyanovsk
623736;Иркутск;из Иркутска;по Иркутску;в Иркутск;Иркутском;об Иркутске;irkutsk
616242;Хабаровск;из Хабаровска;по Хабаровску;в Хабаровск;Хабаровском;о Хабаровске;habarovsk
608079;Ярославль;из Ярославля;по Ярославлю;в Ярославль;Ярославлем;о Ярославле;yaroslavl
606589;Владивосток;из Владивостока;по Владивостоку;в Владивосток;Владивостоком;о Владивостоке;vladivostok
592976;Махачкала;из Махачкалы;по Махачкале;в Махачкалу;Махачкалой;о Махачкале;mahachkala
572740;Томск;из Томска;по Томску;в Томск;Томском;о Томске;tomsk
564443;Оренбург;из Оренбурга;по Оренбургу;в Оренбург;Оренбургом;об Оренбурге;orenburg
556920;Кемерово;из Кемерово;по Кемерово;в Кемерово;Кемерово;о Кемерово;kemerovo
552445;Новокузнецк;из Новокузнецка;по Новокузнецку;в Новокузнецк;Новокузнецком;о Новокузнецке;novokuzneck
534762;Рязань;из Рязани;по Рязани;в Рязань;Рязанью;о Рязани;ryazan
532504;Астрахань;из Астрахани;по Астрахани;в Астрахань;Астраханью;об Астрахани;astrahan
529797;Набережные Челны;из Набережных Челнов;по Набережным Челнам;в Набережные Челны;Набережными Челнами;о Набережных Челнах;naberezhnye-chelny
523726;Пенза;из Пензы;по Пензе;в Пензу;Пензой;о Пензе;penza
510439;Липецк;из Липецка;по Липецку;в Липецк;Липецком;о Липецке;lipeck
496896;Киров;из Кирова;по Кирову;в Киров;Кировом;о Кирове;kirov
480741;Чебоксары;из Чебоксар;по Чебоксарам;в Чебоксары;Чебоксарами;о Чебоксарах;cheboksary
551642;Тула;из Тулы;по Туле;в Тулу;Тулой;о Туле;tula
459560;Калининград;из Калининграда;по Калининграду;в Калининград;Калининградом;о Калининграде;kaliningrad
428400;Балашиха;из Балашихи;по Балашихе;в Балашиху;Балашихой;о Балашихе;balashiha
443212;Курск;из Курска;по Курску;в Курск;Курском;о Курске;kursk
430550;Улан-Удэ;из Улан-Удэ;по Улан-Удэ;в Улан-Удэ;Улан-Удэ;об Улан-Удэ;ulan-udeh
433577;Ставрополь;из Ставрополя;по Ставрополю;в Ставрополь;Ставрополем;о Ставрополе;stavropol
418897;Севастополь;из Севастополя;по Севастополю;в Севастополь;Севастополем;о Севастополе;sevastopol
416442;Тверь;из Твери;по Твери;в Тверь;Тверью;о Твери;tver
417563;Магнитогорск;из Магнитогорска;по Магнитогорску;в Магнитогорск;Магнитогорском;о Магнитогорске;magnitogorsk
401291;Сочи;из Сочи;по Сочи;в Сочи;Сочи;о Сочи;sochi
408025;Иваново;из Иваново;по Иваново;в Иваново;Иваново;об Иваново;ivanovo
405921;Брянск;из Брянска;по Брянску;в Брянск;Брянском;о Брянске;bryansk
391133;Белгород;из Белгорода;по Белгороду;в Белгород;Белгородом;о Белгороде;belgorod
348643;Сургут;из Сургута;по Сургуту;в Сургут;Сургутом;о Сургуте;surgut
356288;Нижний Тагил;из Нижнего Тагила;по Нижнему Тагилу;в Нижний Тагил;Нижним Тагилом;о Нижнем Тагиле;nizhnij-tagil
354827;Владимир;из Владимира;по Владимиру;в Владимира;Владимиром;о Владимире;vladimir
351226;Архангельск;из Архангельска;по Архангельску;в Архангельск;Архангельском;об Архангельске;arhangelsk
343511;Чита;из Читы;по Чите;в Читу;Читой;о Чите;chita
341986;Калуга;из Калуги;по Калуге;в Калугу;Калугой;о Калуге;kaluga
341155;Симферополь;из Симферополя;по Симферополю;в Симферополь;Симферополем;о Симферополе;simferopol
316500;Смоленск;из Смоленска;по Смоленску;в Смоленск;Смоленском;о Смоленске;smolensk
325895;Волжский;из Волжского;по Волжскому;в Волжский;Волжским;о Волжском;volzhskij
325189;Курган;из Кургана;по Кургану;в Курган;Курганом;о Кургане;kurgan
318633;Орёл;из Орла;по Орлу;в Орла;Орлом;об Орле;oryol
318536;Череповец;из Череповца;по Череповцу;в Череповец;Череповцом;о Череповце;cherepovec
312686;Вологда;из Вологды;по Вологде;в Вологду;Вологдой;о Вологде;vologda
307698;Саранск;из Саранска;по Саранску;в Саранск;Саранском;о Саранске;saransk
307478;Владикавказ;из Владикавказа;по Владикавказу;в Владикавказ;Владикавказом;о Владикавказе;vladikavkaz
303836;Якутск;из Якутска;по Якутску;в Якутск;Якутском;о Якутске;yakutsk
301572;Мурманск;из Мурманска;по Мурманску;в Мурманск;Мурманском;о Мурманске;murmansk
293765;Подольск;из Подольска;по Подольску;в Подольск;Подольском;о Подольске;podolsk
288414;Тамбов;из Тамбова;по Тамбову;в Тамбов;Тамбовом;о Тамбове;tambov
287410;Грозный;из Грозного;по Грозному;в Грозный;Грозным;о Грозном;groznyj
279692;Стерлитамак;из Стерлитамака;по Стерлитамаку;в Стерлитамак;Стерлитамаком;о Стерлитамаке;sterlitamak
277111;Петрозаводск;из Петрозаводска;по Петрозаводску;в Петрозаводск;Петрозаводском;о Петрозаводске;petrozavodsk
276691;Кострома;из Костромы;по Костроме;в Кострому;Костромой;о Костроме;kostroma
270846;Нижневартовск;из Нижневартовска;по Нижневартовску;в Нижневартовск;Нижневартовском;о Нижневартовске;nizhnevartovsk
266977;Новороссийск;из Новороссийска;по Новороссийску;в Новороссийск;Новороссийском;о Новороссийске;novorossijsk
265044;Йошкар-Ола;из Йошкар-Олы;по Йошкар-Оле;в Йошкар-Олу;Йошкар-Олой;о Йошкар-Оле;joshkar-ola
251100;Таганрог;из Таганрога;по Таганрогу;в Таганрог;Таганрогом;о Таганроге;taganrog
251283;Комсомольск-на-Амуре;из Комсомольска-на-Амуре;по Комсомольску-на-Амуре;в Комсомольск-на-Амуре;Комсомольском-на-Амуре;о Комсомольске-на-Амуре;komsomolsk-na-amure
245313;Сыктывкар;из Сыктывкара;по Сыктывкару;в Сыктывкар;Сыктывкаром;о Сыктывкаре;syktyvkar
193579;Химки;из Химок;по Химкам;в Химки;Химками;о Химках;himki
239040;Нальчик;из Нальчика;по Нальчику;в Нальчик;Нальчиком;о Нальчике;nalchik
236749;Шахты;из Шахт;по Шахтам;в Шахты;Шахтами;о Шахтах;shahty
236197;Нижнекамск;из Нижнекамска;по Нижнекамску;в Нижнекамск;Нижнекамском;о Нижнекамске;nizhnekamsk
234147;Братск;из Братска;по Братску;в Братск;Братском;о Братске;bratsk
233126;Дзержинск;из Дзержинска;по Дзержинску;в Дзержинск;Дзержинском;о Дзержинске;dzerzhinsk
231104;Орск;из Орска;по Орску;в Орск;Орском;об Орске;orsk
226776;Ангарск;из Ангарска;по Ангарску;в Ангарск;Ангарском;об Ангарске;angarsk
224335;Благовещенск;из Благовещенска;по Благовещенску;в Благовещенск;Благовещенском;о Благовещенске;blagoveshchensk
224213;Энгельс;из Энгельса;по Энгельсу;в Энгельс;Энгельсом;об Энгельсе;ehngels
222125;Старый Оскол;из Старого Оскола;по Старому Осколу;в Старый Оскол;Старым Осколом;о Старом Осколе;staryj-oskol
221868;Великий Новгород;из Великого Новгорода;по Великому Новгороду;в Великий Новгород;Великим Новгородом;о Великом Новгороде;velikij-novgorod
142568;Королёв;из Королёва;по Королёву;в Королёв;Королёвом;о Королёве;korolyov
209840;Псков;из Пскова;по Пскову;в Псков;Псковом;о Пскове;pskov
221777;Мытищи;из Мытищ;по Мытищам;в Мытищи;Мытищами;о Мытищах;mytishchi
203826;Бийск;из Бийска;по Бийску;в Бийск;Бийском;о Бийске;bijsk
190480;Люберцы;из Люберец;по Люберцам;в Люберцы;Люберцами;о Люберцах;lyubercy
198438;Прокопьевск;из Прокопьевска;по Прокопьевску;в Прокопьевск;Прокопьевском;о Прокопьевске;prokopevsk
193669;Южно-Сахалинск;из Южно-Сахалинска;по Южно-Сахалинску;в Южно-Сахалинск;Южно-Сахалинском;о Южно-Сахалинске;yuzhno-sahalinsk
192359;Балаково;из Балаково;по Балаково;в Балаково;Балаково;о Балаково;balakovo
191007;Армавир;из Армавира;по Армавиру;в Армавира;Армавиром;об Армавире;armavir
191840;Рыбинск;из Рыбинска;по Рыбинску;в Рыбинск;Рыбинском;о Рыбинске;rybinsk
185075;Северодвинск;из Северодвинска;по Северодвинску;в Северодвинск;Северодвинском;о Северодвинске;severodvinsk
180963;Петропавловск-Камчатский;из Петропавловска-Камчатского;по Петропавловску-Камчатскому;в Петропавловск-Камчатский;Петропавловском-Камчатским;о Петропавловске-Камчатском;petropavlovsk-kamchatskij
179163;Абакан;из Абакана;по Абакану;в Абакан;Абаканом;об Абакане;abakan
177428;Норильск;из Норильска;по Норильску;в Норильск;Норильском;о Норильске;norilsk
174559;Сызрань;из Сызрани;по Сызрани;в Сызрань;Сызранью;о Сызрани;syzran
170588;Волгодонск;из Волгодонска;по Волгодонску;в Волгодонск;Волгодонском;о Волгодонске;volgodonsk
170221;Каменск-Уральский;из Каменска-Уральского;по Каменску-Уральскому;в Каменск-Уральский;Каменском-Уральским;о Каменске-Уральском;kamensk-uralskij
170233;Новочеркасск;из Новочеркасска;по Новочеркасску;в Новочеркасск;Новочеркасском;о Новочеркасске;novocherkassk
169057;Златоуст;из Златоуста;по Златоусту;в Златоуст;Златоустом;о Златоусте;zlatoust
168598;Уссурийск;из Уссурийска;по Уссурийску;в Уссурийск;Уссурийском;об Уссурийске;ussurijsk
158479;Электросталь;из Электростали;по Электростали;в Электросталь;Электросталью;об Электростали;ehlektrostal
153973;Салават;из Салавата;по Салавату;в Салават;Салаватом;о Салавате;salavat
153581;Находка;из Находки;по Находке;в Находку;Находкой;о Находке;nahodka
152580;Альметьевск;из Альметьевска;по Альметьевску;в Альметьевск;Альметьевском;об Альметьевске;almetevsk
151387;Миасс;из Миасса;по Миассу;в Миасс;Миассом;о Миассе;miass
148932;Керчь;из Керчи;по Керчи;в Керчь;Керчью;о Керчи;kerch
145115;Березники;из Березников;по Березникам;в Березники;Березниками;о Березниках;berezniki
146386;Рубцовск;из Рубцовска;по Рубцовску;в Рубцовск;Рубцовском;о Рубцовске;rubcovsk
146146;Копейск;из Копейска;по Копейску;в Копейск;Копейском;о Копейске;kopejsk
145488;Пятигорск;из Пятигорска;по Пятигорску;в Пятигорск;Пятигорском;о Пятигорске;pyatigorsk
144614;Красногорск;из Красногорска;по Красногорску;в Красногорск;Красногорском;о Красногорске;krasnogorsk
144055;Майкоп;из Майкопа;по Майкопу;в Майкоп;Майкопом;о Майкопе;majkop
143578;Коломна;из Коломны;по Коломне;в Коломну;Коломной;о Коломне;kolomna
141317;Одинцово;из Одинцово;по Одинцово;в Одинцово;Одинцово;об Одинцово;odincovo
139280;Ковров;из Коврова;по Коврову;в Ковров;Ковровом;о Коврове;kovrov
139871;Хасавюрт;из Хасавюрта;по Хасавюрту;в Хасавюрт;Хасавюртом;о Хасавюрте;hasavyurt
129993;Кисловодск;из Кисловодска;по Кисловодску;в Кисловодск;Кисловодском;о Кисловодске;kislovodsk
126586;Серпухов;из Серпухова;по Серпухову;в Серпухов;Серпуховом;о Серпухове;serpuhov
126479;Новомосковск;из Новомосковска;по Новомосковску;в Новомосковск;Новомосковском;о Новомосковске;novomoskovsk
125915;Нефтекамск;из Нефтекамска;по Нефтекамску;в Нефтекамск;Нефтекамском;о Нефтекамске;neftekamsk
126072;Новочебоксарск;из Новочебоксарска;по Новочебоксарску;в Новочебоксарск;Новочебоксарском;о Новочебоксарске;novocheboksarsk
125368;Нефтеюганск;из Нефтеюганска;по Нефтеюганску;в Нефтеюганск;Нефтеюганском;о Нефтеюганске;nefteyugansk
124981;Первоуральск;из Первоуральска;по Первоуральску;в Первоуральск;Первоуральском;о Первоуральске;pervouralsk
125843;Щёлково;из Щёлково;по Щёлково;в Щёлково;Щёлково;о Щёлково;shchyolkovo
122247;Батайск;из Батайска;по Батайску;в Батайск;Батайском;о Батайске;batajsk
119813;Дербент;из Дербента;по Дербенту;в Дербент;Дербентом;о Дербенте;derbent
123128;Черкесск;из Черкесска;по Черкесску;в Черкесск;Черкесском;о Черкесске;cherkessk
120165;Орехово-Зуево;из Орехово-Зуево;по Орехово-Зуево;в Орехово-Зуево;Орехово-Зуево;об Орехово-Зуево;orekhovo-zuevo
117891;Невинномысск;из Невинномысска;по Невинномысску;в Невинномысск;Невинномысском;о Невинномысске;nevinnomyssk
116950;Домодедово;из Домодедово;по Домодедово;в Домодедово;Домодедово;о Домодедово;domodedovo
116678;Димитровград;из Димитровграда;по Димитровграду;в Димитровград;Димитровградом;о Димитровграде;dimitrovgrad
116015;Кызыл;из Кызыла;по Кызылу;в Кызыл;Кызылом;о Кызыле;kyzyl
113626;Октябрьский;из Октябрьского;по Октябрьскому;в Октябрьский;Октябрьским;об Октябрьском;oktyabrskij
116020;Назрань;из Назрани;по Назрани;в Назрань;Назранью;о Назрани;nazran
111775;Камышин;из Камышина;по Камышину;в Камышин;Камышином;о Камышине;kamyshin
111360;Обнинск;из Обнинска;по Обнинску;в Обнинск;Обнинском;об Обнинске;obninsk
111163;Новый Уренгой;из Нового Уренгоя;по Новому Уренгою;в Новый Уренгой;Новым Уренгоем;о Новом Уренгое;novyj-urengoj
113348;Каспийск;из Каспийска;по Каспийску;в Каспийск;Каспийском;о Каспийске;kaspijsk
110070;Муром;из Мурома;по Мурому;в Муром;Муромом;о Муроме;murom
109709;Раменское;из Раменского;по Раменскому;в Раменское;Раменским;о Раменском;ramenskoe
108782;Новошахтинск;из Новошахтинска;по Новошахтинску;в Новошахтинск;Новошахтинском;о Новошахтинске;novoshahtinsk
108980;Жуковский;из Жуковского;по Жуковскому;в Жуковский;Жуковским;о Жуковском;zhukovskij
108134;Северск;из Северска;по Северску;в Северск;Северском;о Северске;seversk
106577;Пушкино;из Пушкино;по Пушкино;в Пушкино;Пушкино;о Пушкино;pushkino
106631;Ноябрьск;из Ноябрьска;по Ноябрьску;в Ноябрьск;Ноябрьском;о Ноябрьске;noyabrsk
106202;Евпатория;из Евпатории;по Евпатории;в Евпаторию;Евпаторией;о Евпатории;evpatoriya
105881;Ессентуки;из Ессентуков;по Ессентукам;в Ессентуки;Ессентуками;о Ессентуках;essentuki
105016;Елец;из Ельца;по Ельцу;в Ельца;Ельцом;о Ельце;elec
105364;Ачинск;из Ачинска;по Ачинску;в Ачинск;Ачинском;об Ачинске;achinsk
106732;Артём;из Артёма;по Артёму;в Артёма;Артёмом;об Артёме;artyom
104994;Сергиев Посад;из Сергиева Посада;по Сергиеву Посаду;в Сергиев Посад;Сергиевым Посадом;о Сергиевом Посаде;sergiev-posad
104547;Арзамас;из Арзамаса;по Арзамасу;в Арзамас;Арзамасом;об Арзамасе;arzamas
103899;Элиста;из Элисты;по Элисте;в Элисту;Элистой;об Элисте;ehlista
102933;Новокуйбышевск;из Новокуйбышевска;по Новокуйбышевску;в Новокуйбышевск;Новокуйбышевском;о Новокуйбышевске;novokujbyshevsk
102808;Бердск;из Бердска;по Бердску;в Бердск;Бердском;о Бердске;berdsk
101847;Ногинск;из Ногинска;по Ногинску;в Ногинск;Ногинском;о Ногинске;noginsk
99683;Железногорск;из Железногорска;по Железногорску;в Железногорск;Железногорском;о Железногорске;zheleznogorsk
81862;Азов;из Азова;по Азову;в Азов;Азовом;об Азове;azov
49364;Балахна;из Балахны;по Балахне;в Балахну;Балахной;о Балахне;balahna
95178;Гатчина;из Гатчины;по Гатчине;в Гатчину;Гатчиной;о Гатчине;gatchina
61305;Дмитров;из Дмитрова;по Дмитрову;в Дмитров;Дмитровом;о Дмитрове;dmitrov
73324;Егорьевск;из Егорьевска;по Егорьевску;в Егорьевск;Егорьевском;о Егорьевске;egorevsk
99683;Железногорск;из Железногорска;по Железногорску;в Железногорск;Железногорском;о Железногорске;zheleznogorsk-2
64982;Заречный;из Заречного;по Заречному;в Заречный;Заречным;о Заречном;zarechnyj
74497;Ивантеевка;из Ивантеевки;по Ивантеевке;в Ивантеевку;Ивантеевкой;об Ивантеевке;ivanteevka
89657;Каменск-Шахтинский;из Каменска-Шахтинского;по Каменску-Шахтинскому;в Каменск-Шахтинский;Каменском-Шахтинским;о Каменске-Шахтинском;kamensk-shahtinskij
50397;Назарово;из Назарово;по Назарово;в Назарово;Назарово;о Назарово;nazarovo
79518;Озёрск;из Озёрска;по Озёрску;в Озёрск;Озёрском;об Озёрске;ozyorsk
58163;Павлово;из Павлово;по Павлово;в Павлово;Павлово;о Павлово;pavlovo
62632;Ревда;из Ревды;по Ревде;в Ревду;Ревдой;о Ревде;revda
58680;Сальск;из Сальска;по Сальску;в Сальск;Сальском;о Сальске;salsk
52527;Тимашёвск;из Тимашёвска;по Тимашёвску;в Тимашёвск;Тимашёвском;о Тимашёвске;timashyovsk
52377;Узловая;из Узловой;по Узловой;в Узловую;Узловой;об Узловой;uzlovaya
60408;Фрязино;из Фрязино;по Фрязино;в Фрязино;Фрязино;о Фрязино;fryazino
98692;Ханты-Мансийск;из Ханты-Мансийска;по Ханты-Мансийску;в Ханты-Мансийск;Ханты-Мансийском;о Ханты-Мансийске;hanty-mansijsk
82933;Чайковский;из Чайковского;по Чайковскому;в Чайковского;Чайковским;о Чайковском;chajkovskij
75623;Шадринск;из Шадринска;по Шадринску;в Шадринск;Шадринском;о Шадринске;shadrinsk
57973;Щёкино;из Щёкино;по Щёкино;в Щёкино;Щёкино;о Щёкино;shchyokino
81733;Юрга;из Юрги;по Юрге;в Юргу;Юргой;о Юрге;yurga
59787;Александров;из Александрова;по Александрову;в Александрова;Александровым;об Александрове;aleksandrov
77391;Балашов;из Балашова;по Балашову;в Балашова;Балашовым;о Балашове;balashov
74887;Геленджик;из Геленджика;по Геленджику;в Геленджик;Геленджиком;о Геленджике;gelendzhik
104238;Долгопрудный;из Долгопрудного;по Долгопрудному;в Долгопрудный;Долгопрудным;о Долгопрудном;dolgoprudnyj
84259;Ейск;из Ейска;по Ейску;в Ейск;Ейском;о Ейске;ejsk
62466;Зеленогорск;из Зеленогорска;по Зеленогорску;в Зеленогорск;Зеленогорском;о Зеленогорске;zelenogorsk
58147;Избербаш;из Избербаша;по Избербашу;в Избербаша;Избербашем;об Избербаше;izberbash
90231;Канск;из Канска;по Канску;в Канск;Канском;о Канске;kansk
62002;Наро-Фоминск;из Наро-Фоминска;по Наро-Фоминску;в Наро-Фоминск;Наро-Фоминском;о Наро-Фоминске;naro-fominsk
65432;Павловский Посад;из Павловского Посада;по Павловскому Посаду;в Павловский Посад;Павловским Посадом;о Павловском Посаде;pavlovskij-posad
99989;Реутов;из Реутова;по Реутову;в Реутов;Реутовом;о Реутове;reutov
95065;Саров;из Сарова;по Сарову;в Саров;Саровом;о Сарове;sarov
57900;Тихвин;из Тихвина;по Тихвину;в Тихвин;Тихвином;о Тихвине;tihvin
58588;Урус-Мартан;из Урус-Мартана;по Урус-Мартану;в Урус-Мартан;Урус-Мартаном;об Урус-Мартане;urus-martan
72944;Чапаевск;из Чапаевска;по Чапаевску;в Чапаевск;Чапаевском;о Чапаевске;chapaevsk
58759;Алексин;из Алексина;по Алексину;в Алексин;Алексином;об Алексине;aleksin
59123;Белебей;из Белебея;по Белебею;в Белебей;Белебеем;о Белебее;belebej
69030;Георгиевск;из Георгиевска;по Георгиевску;в Георгиевск;Георгиевском;о Георгиевске;georgievsk
64201;Донской;из Донского;по Донскому;в Донской;Донским;о Донском;donskoj
73333;Елабуга;из Елабуги;по Елабуге;в Елабугу;Елабугой;о Елабуге;elabuga
54343;Жигулёвск;из Жигулёвска;по Жигулёвску;в Жигулёвск;Жигулёвском;о Жигулёвске;zhigulyovsk
98763;Зеленодольск;из Зеленодольска;по Зеленодольску;в Зеленодольск;Зеленодольском;о Зеленодольске;zelenodolsk
57032;Искитим;из Искитима;по Искитиму;в Искитима;Искитимом;об Искитиме;iskitim
83871;Кинешма;из Кинешмы;по Кинешме;в Кинешму;Кинешмой;о Кинешме;kineshma
57247;Нерюнгри;из Нерюнгри;по Нерюнгри;в Нерюнгри;Нерюнгри;о Нерюнгри;neryungri
59804;Ржев;из Ржева;по Ржеву;в Ржев;Ржевом;о Ржеве;rzhev
54156;Свободный;из Свободного;по Свободному;в Свободного;Свободным;о Свободном;svobodnyj
58982;Тихорецк;из Тихорецка;по Тихорецку;в Тихорецк;Тихорецком;о Тихорецке;tihoreck
77989;Усолье-Сибирское;из Усолья-Сибирского;по Усолью-Сибирскому;в Усолье-Сибирское;Усольем-Сибирским;об Усолье-Сибирском;usole-sibirskoe
51230;Черемхово;из Черемхово;по Черемхово;в Черемхово;Черемхово;о Черемхово;cheremhovo
75375;Анапа;из Анапы;по Анапе;в Анапу;Анапой;об Анапе;anapa
72843;Белово;из Белово;по Белово;в Белово;Белово;о Белово;belovo
93628;Глазов;из Глазова;по Глазову;в Глазова;Глазовым;о Глазове;glazov
75018;Дубна;из Дубны;по Дубне;в Дубну;Дубной;о Дубне;dubna
65259;Ишим;из Ишима;по Ишиму;в Ишим;Ишимом;об Ишиме;ishim
51930;Кириши;из Киришей;по Киришам;в Кириши;Киришами;о Киришах;kirishi
73712;Новоалтайск;из Новоалтайска;по Новоалтайску;в Новоалтайск;Новоалтайском;о Новоалтайске;novoaltajsk
62259;Полевской;из Полевского;по Полевскому;в Полевского;Полевским;о Полевском;polevskoj
50870;Рославль;из Рославля;по Рославлю;в Рославль;Рославлем;о Рославле;roslavl
97762;Серов;из Серова;по Серову;в Серова;Серовым;о Серове;serov
98886;Тобольск;из Тобольска;по Тобольску;в Тобольск;Тобольском;о Тобольске;tobolsk
82455;Усть-Илимск;из Усть-Илимска;по Усть-Илимску;в Усть-Илимск;Усть-Илимском;об Усть-Илимске;ust-ilimsk
74698;Черногорск;из Черногорска;по Черногорску;в Черногорск;Черногорском;о Черногорске;chernogorsk
71787;Анжеро-Судженск;из Анжеро-Судженска;по Анжеро-Судженску;в Анжеро-Судженск;Анжеро-Судженском;об Анжеро-Судженске;anzhero-sudzhensk
66917;Белогорск;из Белогорска;по Белогорску;в Белогорск;Белогорском;о Белогорске;belogorsk
63295;Горно-Алтайск;из Горно-Алтайска;по Горно-Алтайску;в Горно-Алтайск;Горно-Алтайском;о Горно-Алтайске;gorno-altajsk
65422;Ишимбай;из Ишимбая;по Ишимбаю;в Ишимбай;Ишимбаем;об Ишимбае;ishimbaj
73279;Кирово-Чепецк;из Кирово-Чепецка;по Кирово-Чепецку;в Кирово-Чепецк;Кирово-Чепецком;о Кирово-Чепецке;kirovo-chepeck
88216;Новотроицк;из Новотроицка;по Новотроицку;в Новотроицк;Новотроицком;о Новотроицке;novotroick
57879;Прохладный;из Прохладного;по Прохладному;в Прохладный;Прохладным;о Прохладном;prohladnyj
62884;Россошь;из Россоши;по Россоши;в Россошь;Россошью;о Россоши;rossosh
61054;Сибай;из Сибая;по Сибаю;в Сибай;Сибаем;о Сибае;sibaj
39873;Троицк;из Троицка;по Троицку;в Троицк;Троицком;о Троицке;troick
97806;Ухта;из Ухты;по Ухте;в Ухту;Ухтой;об Ухте;uhta
70548;Чехов;из Чехова;по Чехову;в Чехова;Чеховым;о Чехове;chekhov
56730;Апатиты;из Апатитов;по Апатитам;в Апатиты;Апатитами;об Апатитах;apatity
65801;Белорецк;из Белорецка;по Белорецку;в Белорецк;Белорецком;о Белорецке;beloreck
86999;Губкин;из Губкина;по Губкину;в Губкина;Губкиным;о Губкине;gubkin
90980;Киселёвск;из Киселёвска;по Киселёвску;в Киселёвск;Киселёвском;о Киселёвске;kiselyovsk
81577;Новоуральск;из Новоуральска;по Новоуральску;в Новоуральск;Новоуральском;о Новоуральске;novouralsk
66014;Славянск-на-Кубани;из Славянска-на-Кубани;по Славянску-на-Кубани;в Славянск-на-Кубани;Славянском-на-Кубани;о Славянске-на-Кубани;slavyansk-na-kubani
62841;Туапсе;из Туапсе;по Туапсе;в Туапсе;Туапсе;о Туапсе;tuapse
60949;Чистополь;из Чистополя;по Чистополю;в Чистополь;Чистополем;о Чистополе;chistopol
53083;Арсеньев;из Арсеньева;по Арсеньеву;в Арсеньева;Арсеньевым;об Арсеньеве;arsenev
52264;Белореченск;из Белореченска;по Белореченску;в Белореченск;Белореченском;о Белореченске;belorechensk
66332;Гуково;из Гуково;по Гуково;в Гуково;Гуково;о Гуково;gukovo
57765;Нягань;из Нягани;по Нягани;в Нягань;Няганью;о Нягани;nyagan
94628;Соликамск;из Соликамска;по Соликамску;в Соликамск;Соликамском;о Соликамске;solikamsk
68410;Туймазы;из Туймазов;по Туймазам;в Туймазы;Туймазами;о Туймазах;tujmazy
64666;Асбест;из Асбеста;по Асбесту;в Асбест;Асбестом;об Асбесте;asbest
46859;Берёзовский;из Берёзовского;по Берёзовскому;в Берёзовский;Берёзовским;о Берёзовском;beryozovskij
55973;Гусь-Хрустальный;из Гусь-Хрустального;по Гусь-Хрустальному;в Гусь-Хрустальный;Гусь-Хрустальным;о Гусь-Хрустальном;gus-hrustalnyj
79056;Клин;из Клина;по Клину;в Клин;Клином;о Клине;klin
52642;Солнечногорск;из Солнечногорска;по Солнечногорску;в Солнечногорск;Солнечногорском;о Солнечногорске;solnechnogorsk
74095;Биробиджан;из Биробиджана;по Биробиджану;в Биробиджан;Биробиджаном;о Биробиджане;birobidzhan
62832;Клинцы;из Клинцов;по Клинцам;в Клинцы;Клинцами;о Клинцах;klincy
68045;Сосновый Бор;из Соснового Бора;по Сосновому Бору;в Сосновый Бор;Сосновым Бором;о Сосновом Боре;sosnovyj-bor
63334;Когалым;из Когалыма;по Когалыму;в Когалым;Когалымом;о Когалыме;kogalym
62669;Борисоглебск;из Борисоглебска;по Борисоглебску;в Борисоглебск;Борисоглебском;о Борисоглебске;borisoglebsk
61902;Котлас;из Котласа;по Котласу;в Котлас;Котласом;о Котласе;kotlas
66341;Ступино;из Ступино;по Ступино;в Ступино;Ступино;о Ступино;stupino
50896;Боровичи;из Боровичей;по Боровичам;в Боровичи;Боровичами;о Боровичах;borovichi
52811;Краснокаменск;из Краснокаменска;по Краснокаменску;в Краснокаменск;Краснокаменском;о Краснокаменске;krasnokamensk
86085;Бугульма;из Бугульмы;по Бугульме;в Бугульму;Бугульмой;о Бугульме;bugulma
53864;Краснокамск;из Краснокамска;по Краснокамску;в Краснокамск;Краснокамском;о Краснокамске;krasnokamsk
62715;Будённовск;из Будённовска;по Будённовску;в Будённовск;Будённовском;о Будённовске;budyonnovsk
58023;Краснотурьинск;из Краснотурьинска;по Краснотурьинску;в Краснотурьинск;Краснотурьинском;о Краснотурьинске;krasnoturinsk
86316;Бузулук;из Бузулука;по Бузулуку;в Бузулук;Бузулуком;о Бузулуке;buzuluk
79152;Кропоткин;из Кропоткина;по Кропоткину;в Кропоткина;Кропоткиным;о Кропоткине;kropotkin
64554;Буйнакск;из Буйнакска;по Буйнакску;в Буйнакск;Буйнакском;о Буйнакске;bujnaksk
57254;Крымск;из Крымска;по Крымску;в Крымск;Крымском;о Крымске;krymsk
67723;Кстово;из Кстово;по Кстово;в Кстово;Кстово;о Кстово;kstovo
83400;Кузнецк;из Кузнецка;по Кузнецку;в Кузнецк;Кузнецком;о Кузнецке;kuzneck
60807;Кумертау;из Кумертау;по Кумертау;в Кумертау;Кумертау;о Кумертау;kumertau
66157;Кунгур;из Кунгура;по Кунгуру;в Кунгур;Кунгуром;о Кунгуре;kungur
58723;Шуя;из Шуи;по Шуе;в Шую;Шуей;о Шуе;shuya
34955;Благовещенск;из Благовещенска;по Благовещенску;в Благовещенск;Благовещенском;о Благовещенске;blagoveshchensk-2
27617;Заречный;из Заречного;по Заречному;в Заречный;Заречным;о Заречном;zarechnyj-2
4108;Озёрск;из Озёрска;по Озёрску;в Озёрск;Озёрском;об Озёрске;ozyorsk-2
16442;Белогорск;из Белогорска;по Белогорску;в Белогорск;Белогорском;о Белогорске;belogorsk-2
57194;Берёзовский;из Берёзовского;по Берёзовскому;в Берёзовский;Берёзовским;о Берёзовском;beryozovskij-2
20663;Абдулино;из Абдулино;по Абдулино;в Абдулино;Абдулино;об Абдулино;abdulino
34926;Абинск;из Абинска;по Абинску;в Абинск;Абинском;об Абинске;abinsk
34859;Азнакаево;из Азнакаево;по Азнакаево;в Азнакаево;Азнакаево;об Азнакаево;aznakaevo
41984;Аксай;из Аксая;по Аксаю;в Аксая;Аксаем;об Аксае;aksay
20949;Алагир;из Алагира;по Алагиру;в Алагира;Алагиром;об Алагире;alagir
38198;Алапаевск;из Алапаевска;по Алапаевску;в Алапаевск;Алапаевском;об Алапаевске;alapaevsk
38202;Алатырь;из Алатыря;по Алатырю;в Алатыря;Алатырём;об Алатыре;alatyir
21277;Алдан;из Алдана;по Алдану;в Алдан;Алданом;об Алдане;aldan
28528;Алейск;из Алейска;по Алейску;в Алейск;Алейском;об Алейске;aleysk
39026;Алексеевка;из Алексеевки;по Алексеевке;в Алексеевку;Алексеевкой;об Алексеевке;alekseevka
42977;Амурск;из Амурска;по Амурску;в Амурск;Амурском;об Амурске;amursk
40229;Апшеронск;из Апшеронска;по Апшеронску;в Апшеронск;Апшеронском;об Апшеронске;apsheronsk
29528;Аргун;из Аргуна;по Аргуну;в Аргуна;Аргуном;об Аргуне;argun
32878;Артёмовский;из Артёмовского;по Артёмовскому;в Артёмовский;Артёмовским;об Артёмовском;artyomovskiy
25614;Асино;из Асино;по Асино;в Асино;Асино;об Асино;asino
25620;Аткарск;из Аткарска;по Аткарску;в Аткарск;Аткарском;об Аткарске;atkarsk
41898;Ахтубинск;из Ахтубинска;по Ахтубинску;в Ахтубинск;Ахтубинском;об Ахтубинске;ahtubinsk
31916;Аша;из Аши;по Аше;в Ашу;Ашой;об Аше;asha
22109;Бавлы;из Бавлов;по Бавлам;в Бавлы;Бавлами;о Бавлах;bavlyi
20953;Бакал;из Бакала;по Бакалу;в Бакала;Бакалом;о Бакале;bakal
36857;Баксан;из Баксана;по Баксану;в Баксана;Баксаном;о Баксане;baksan
26337;Балабаново;из Балабаново;по Балабаново;в Балабаново;Балабаново;о Балабаново;balabanovo
32670;Балтийск;из Балтийска;по Балтийску;в Балтийск;Балтийском;о Балтийске;baltiysk
30250;Барабинск;из Барабинска;по Барабинску;в Барабинск;Барабинском;о Барабинске;barabinsk
24517;Бежецк;из Бежецка;по Бежецку;в Бежецк;Бежецком;о Бежецке;bezhetsk
43688;Белая Калитва;из Белой Калитвы;по Белой Калитве;в Белую Калитву;Белой Калитвой;о Белой Калитве;belaya-kalitva
20283;Белоярский;из Белоярского;по Белоярскому;в Белоярский;Белоярским;о Белоярском;beloyarskiy
36724;Беслан;из Беслана;по Беслану;в Беслана;Бесланом;о Беслане;beslan
41637;Бирск;из Бирска;по Бирску;в Бирск;Бирском;о Бирске;birsk
32736;Благодарный;из Благодарного;по Благодарному;в Благодарный;Благодарным;о Благодарном;blagodarnyiy
31752;Богданович;из Богдановича;по Богдановичу;в Богдановича;Богдановичем;о Богдановиче;bogdanovich
31897;Богородицк;из Богородицка;по Богородицку;в Богородицк;Богородицком;о Богородицке;bogoroditsk
25497;Богородск;из Богородска;по Богородску;в Богородск;Богородском;о Богородске;bogorodsk
21029;Боготол;из Боготола;по Боготолу;в Боготол;Боготолом;о Боготоле;bogotol
23499;Бологое;из Бологого;по Бологому;в Бологое;Бологим;о Бологом;bologoe
39257;Большой Камень;из Большого Камень;по Большому Камень;в Большого Камень;Большим Камень;о Большом Камень;bolshoy-kamen
31376;Борзя;из Борзи;по Борзе;в Борзю;Борзёй;о Борзе;borzya
21102;Бронницы;из Бронниц;по Бронницам;в Бронницы;Бронницами;о Бронницах;bronnitsyi
52249;Бугуруслан;из Бугуруслана;по Бугуруслану;в Бугуруслана;Бугурусланом;о Бугуруслане;buguruslan
20342;Буинск;из Буинска;по Буинску;в Буинск;Буинском;о Буинске;buinsk
25763;Буй;из Буя;по Бую;в Буй;Буем;о Буе;buy
27208;Бутурлиновка;из Бутурлиновки;по Бутурлиновке;в Бутурлиновку;Бутурлиновкой;о Бутурлиновке;buturlinovka
35322;Валуйки;из Валуек;по Валуйкам;в Валуйки;Валуйками;о Валуйках;valuyki
31664;Великий Устюг;из Великого Устюга;по Великому Устюгу;в Великого Устюга;Великим Устюгом;о Великом Устюге;velikiy-ustyug
23885;Вельск;из Вельска;по Вельску;в Вельск;Вельском;о Вельске;velsk
22760;Верещагино;из Верещагино;по Верещагино;в Верещагино;Верещагино;о Верещагино;vereschagino
30504;Верхний Уфалей;из Верхнего Уфалея;по Верхнему Уфалею;в Верхний Уфалей;Верхним Уфалеем;о Верхнем Уфалее;verhniy-ufaley
46240;Верхняя Салда;из Верхней Салды;по Верхней Салде;в Верхнюю Салду;Верхней Салдой;о Верхней Салде;verhnyaya-salda
22528;Вихоревка;из Вихоревки;по Вихоревке;в Вихоревку;Вихоревкой;о Вихоревке;vihorevka
37609;Вичуга;из Вичуги;по Вичуге;в Вичугу;Вичугой;о Вичуге;vichuga
23386;Волоколамск;из Волоколамска;по Волоколамску;в Волоколамск;Волоколамском;о Волоколамске;volokolamsk
47344;Волхов;из Волхова;по Волхову;в Волхов;Волховом;о Волхове;volhov
41252;Вязники;из Вязников;по Вязникам;в Вязники;Вязниками;о Вязниках;vyazniki
35159;Вятские Поляны;из Вятских Полян;по Вятским Полянам;в Вятские Поляны;Вятскими Полянами;о Вятских Полянах;vyatskie-polyanyi
31721;Гагарин;из Гагарина;по Гагарину;в Гагарина;Гагариным;о Гагарине;gagarin
38302;Гай;из Гая;по Гаю;в Гая;Гаем;о Гае;gay
30699;Городец;из Городца;по Городцу;в Городец;Городцем;о Городце;gorodets
30093;Горячий Ключ;из Горячего Ключа;по Горячему Ключу;в Горячий Ключ;Горячим Ключом;о Горячем Ключе;goryachiy-klyuch
46798;Грязи;из Грязей;по Грязям;в Грязи;Грязями;о Грязях;gryazi
27544;Губаха;из Губахи;по Губахе;в Губаху;Губахой;о Губахе;gubaha
23340;Губкинский;из Губкинского;по Губкинскому;в Губкинский;Губкинским;о Губкинском;gubkinskiy
45643;Гудермес;из Гудермеса;по Гудермесу;в Гудермеса;Гудермесом;о Гудермесе;gudermes
35225;Гулькевичи;из Гулькевичей;по Гулькевичам;в Гулькевичей;Гулькевичами;о Гулькевичах;gulkevichi
24816;Гурьевск;из Гурьевска;по Гурьевску;в Гурьевск;Гурьевском;о Гурьевске;gurevsk
12433;Гурьевск;из Гурьевска;по Гурьевску;в Гурьевск;Гурьевском;о Гурьевске;gurevsk-2
28260;Гусев;из Гусева;по Гусеву;в Гусева;Гусевым;о Гусеве;gusev
23280;Гусиноозёрск;из Гусиноозёрска;по Гусиноозёрску;в Гусиноозёрск;Гусиноозёрском;о Гусиноозёрске;gusinoozyorsk
24040;Давлеканово;из Давлеканово;по Давлеканово;в Давлеканово;Давлеканово;о Давлеканово;davlekanovo
30671;Дагестанские Огни;из Дагестанских Огней;по Дагестанским Огням;в Дагестанские Огни;Дагестанскими Огнями;о Дагестанских Огнях;dagestanskie-ogni
37503;Дальнегорск;из Дальнегорска;по Дальнегорску;в Дальнегорск;Дальнегорском;о Дальнегорске;dalnegorsk
27601;Дальнереченск;из Дальнереченска;по Дальнереченску;в Дальнереченск;Дальнереченском;о Дальнереченске;dalnerechensk
21056;Данков;из Данкова;по Данкову;в Данков;Данковом;о Данкове;dankov
29280;Дедовск;из Дедовска;по Дедовску;в Дедовск;Дедовском;о Дедовске;dedovsk
29677;Десногорск;из Десногорска;по Десногорску;в Десногорск;Десногорском;о Десногорске;desnogorsk
47125;Дзержинский;из Дзержинского;по Дзержинскому;в Дзержинский;Дзержинским;о Дзержинском;dzerzhinskiy
28271;Дивногорск;из Дивногорска;по Дивногорску;в Дивногорск;Дивногорском;о Дивногорске;divnogorsk
35720;Добрянка;из Добрянки;по Добрянке;в Добрянку;Добрянкой;о Добрянке;dobryanka
22207;Дудинка;из Дудинки;по Дудинке;в Дудинку;Дудинкой;о Дудинке;dudinka
31272;Дюртюли;из Дюртюлей;по Дюртюлям;в Дюртюли;Дюртюлями;о Дюртюлях;dyurtyuli
29438;Дятьково;из Дятьково;по Дятьково;в Дятьково;Дятьково;о Дятьково;dyatkovo
39548;Елизово;из Елизово;по Елизово;в Елизово;Елизово;о Елизово;elizovo
30218;Еманжелинск;из Еманжелинска;по Еманжелинску;в Еманжелинск;Еманжелинском;о Еманжелинске;emanzhelinsk
21447;Ершов;из Ершова;по Ершову;в Ершова;Ершовым;о Ершове;ershov
42350;Ефремов;из Ефремова;по Ефремову;в Ефремова;Ефремовым;о Ефремове;efremov
24496;Железноводск;из Железноводска;по Железноводску;в Железноводск;Железноводском;о Железноводске;zheleznovodsk
26134;Железногорск-Илимский;из Железногорска-Илимского;по Железногорску-Илимскому;в Железногорск-Илимский;Железногорском-Илимским;о Железногорске-Илимском;zheleznogorsk-ilimskiy
25657;Заводоуковск;из Заводоуковска;по Заводоуковску;в Заводоуковск;Заводоуковском;о Заводоуковске;zavodoukovsk
40265;Заволжье;из Заволжья;по Заволжью;в Заволжье;Заволжьем;о Заволжье;zavolzhe
41798;Заинск;из Заинска;по Заинску;в Заинск;Заинском;о Заинске;zainsk
24648;Зарайск;из Зарайска;по Зарайску;в Зарайск;Зарайском;о Зарайске;zaraysk
22416;Зверево;из Зверево;по Зверево;в Зверево;Зверево;о Зверево;zverevo
35790;Зеленокумск;из Зеленокумска;по Зеленокумску;в Зеленокумск;Зеленокумском;о Зеленокумске;zelenokumsk
26850;Зерноград;из Зернограда;по Зернограду;в Зерноград;Зерноградом;о Зернограде;zernograd
25042;Зея;из Зеи;по Зее;в Зею;Зеей;о Зее;zeya
32522;Зима;из Зимы;по Зиме;в Зиму;Зимой;о Зиме;zima
29357;Знаменск;из Знаменска;по Знаменску;в Знаменск;Знаменском;о Знаменске;znamensk
40546;Изобильный;из Изобильного;по Изобильному;в Изобильный;Изобильным;об Изобильном;izobilnyiy
32021;Инта;из Инты;по Инте;в Инту;Интой;об Инте;inta
26055;Ипатово;из Ипатово;по Ипатово;в Ипатово;Ипатово;об Ипатово;ipatovo
38352;Ирбит;из Ирбита;по Ирбиту;в Ирбит;Ирбитом;об Ирбите;irbit
25905;Исилькуль;из Исилькуля;по Исилькулю;в Исилькуль;Исилькулем;об Исилькуле;isilkul
35106;Истра;из Истры;по Истре;в Истру;Истрой;об Истре;istra
20046;Калач;из Калача;по Калачу;в Калач;Калачом;о Калаче;kalach
24000;Калачинск;из Калачинска;по Калачинску;в Калачинск;Калачинском;о Калачинске;kalachinsk
26892;Калач-на-Дону;из Калача-на-Дону;по Калачу-на-Дону;в Калач-на-Дону;Калачом-на-Дону;о Калаче-на-Дону;kalach-na-donu
21893;Калтан;из Калтана;по Калтану;в Калтана;Калтаном;о Калтане;kaltan
39579;Каменка;из Каменки;по Каменке;в Каменку;Каменкой;о Каменке;kamenka
41787;Камень-на-Оби;из Камня-на-Оби;по Камню-на-Оби;в Камень-на-Оби;Камнем-на-Оби;о Камне-на-Оби;kamen-na-obi
26875;Камышлов;из Камышлова;по Камышлову;в Камышлова;Камышловым;о Камышлове;kamyishlov
45608;Канаш;из Канаша;по Канашу;в Канаша;Канашем;о Канаше;kanash
35659;Кандалакша;из Кандалакши;по Кандалакше;в Кандалакшу;Кандалакшей;о Кандалакше;kandalaksha
31081;Карабулак;из Карабулака;по Карабулаку;в Карабулака;Карабулаком;о Карабулаке;karabulak
28929;Карасук;из Карасука;по Карасуку;в Карасук;Карасуком;о Карасуке;karasuk
23848;Карачаевск;из Карачаевска;по Карачаевску;в Карачаевск;Карачаевском;о Карачаевске;karachaevsk
29118;Карпинск;из Карпинска;по Карпинску;в Карпинск;Карпинском;о Карпинске;karpinsk
29136;Карталы;из Карталов;по Карталам;в Карталы;Карталами;о Карталах;kartalyi
33494;Касимов;из Касимова;по Касимову;в Касимова;Касимовым;о Касимове;kasimov
42563;Качканар;из Качканара;по Качканару;в Качканар;Качканаром;о Качканаре;kachkanar
41880;Кашира;из Каширы;по Кашире;в Каширу;Каширой;о Кашире;kashira
36187;Кизилюрт;из Кизилюрта;по Кизилюрту;в Кизилюрт;Кизилюртом;о Кизилюрте;kizilyurt
49169;Кизляр;из Кизляра;по Кизляру;в Кизляр;Кизляром;о Кизляре;kizlyar
28493;Кимовск;из Кимовска;по Кимовску;в Кимовск;Кимовском;о Кимовске;kimovsk
49623;Кимры;из Кимр;по Кимрам;в Кимры;Кимрами;о Кимрах;kimryi
48667;Кингисепп;из Кингисеппа;по Кингисеппу;в Кингисепп;Кингисеппом;о Кингисеппе;kingisepp
34472;Кинель;из Кинеля;по Кинелю;в Кинеля;Кинелем;о Кинеле;kinel
25585;Киреевск;из Киреевска;по Киреевску;в Киреевск;Киреевском;о Киреевске;kireevsk
30044;Киржач;из Киржача;по Киржачу;в Киржача;Киржачом;о Киржаче;kirzhach
21959;Кировград;из Кировграда;по Кировграду;в Кировград;Кировградом;о Кировграде;kirovgrad
25633;Кировск;из Кировска;по Кировску;в Кировск;Кировском;о Кировске;kirovsk
28659;Кировск;из Кировска;по Кировску;в Кировск;Кировском;о Кировске;kirovsk-2
21307;Ковылкино;из Ковылкино;по Ковылкино;в Ковылкино;Ковылкино;о Ковылкино;kovyilkino
21262;Козьмодемьянск;из Козьмодемьянска;по Козьмодемьянску;в Козьмодемьянск;Козьмодемьянском;о Козьмодемьянске;kozmodemyansk
24126;Колпашево;из Колпашево;по Колпашево;в Колпашево;Колпашево;о Колпашево;kolpashevo
45804;Кольчугино;из Кольчугино;по Кольчугино;в Кольчугино;Кольчугино;о Кольчугино;kolchugino
20265;Коммунар;из Коммунара;по Коммунару;в Коммунара;Коммунаром;о Коммунаре;kommunar
41303;Конаково;из Конаково;по Конаково;в Конаково;Конаково;о Конаково;konakovo
32978;Кондопога;из Кондопоги;по Кондопоге;в Кондопогу;Кондопогой;о Кондопоге;kondopoga
41179;Кореновск;из Кореновска;по Кореновску;в Кореновск;Кореновском;о Кореновске;korenovsk
38950;Коркино;из Коркино;по Коркино;в Коркино;Коркино;о Коркино;korkino
33526;Корсаков;из Корсакова;по Корсакову;в Корсакова;Корсаковым;о Корсакове;korsakov
39629;Коряжма;из Коряжмы;по Коряжме;в Коряжму;Коряжмой;о Коряжме;koryazhma
28433;Костомукша;из Костомукши;по Костомукше;в Костомукшу;Костомукшей;о Костомукше;kostomuksha
32347;Котельники;из Котельников;по Котельникам;в Котельников;Котельниками;о Котельниках;kotelniki
20441;Котельниково;из Котельниково;по Котельниково;в Котельниково;Котельниково;о Котельниково;kotelnikovo
24979;Котельнич;из Котельнича;по Котельничу;в Котельнича;Котельничем;о Котельниче;kotelnich
24104;Котово;из Котово;по Котово;в Котово;Котово;о Котово;kotovo
31851;Котовск;из Котовска;по Котовску;в Котовск;Котовском;о Котовске;kotovsk
29408;Кохма;из Кохмы;по Кохме;в Кохму;Кохмой;о Кохме;kohma
26294;Красноармейск;из Красноармейска;по Красноармейску;в Красноармейск;Красноармейском;о Красноармейске;krasnoarmeysk
24362;Красноармейск;из Красноармейска;по Красноармейску;в Красноармейск;Красноармейском;о Красноармейске;krasnoarmeysk-2
55550;Красное Село;из Красного Села;по Красному Селу;в Красное Село;Красным Селом;о Красном Селе;krasnoe-selo
36057;Краснознаменск;из Краснознаменска;по Краснознаменску;в Краснознаменск;Краснознаменском;о Краснознаменске;krasnoznamensk
24973;Красноуральск;из Красноуральска;по Красноуральску;в Красноуральск;Красноуральском;о Красноуральске;krasnouralsk
80457;Красноуфимск;из Красноуфимска;по Красноуфимску;в Красноуфимск;Красноуфимском;о Красноуфимске;krasnoufimsk
40866;Красный Сулин;из Красного Сулина;по Красному Сулину;в Красного Сулина;Красным Сулином;о Красном Сулине;krasnyiy-sulin
43005;Кронштадт;из Кронштадта;по Кронштадту;в Кронштадт;Кронштадтом;о Кронштадте;kronshtadt
22918;Кубинка;из Кубинки;по Кубинке;в Кубинку;Кубинкой;о Кубинке;kubinka
26176;Кувандык;из Кувандыка;по Кувандыку;в Кувандыка;Кувандыком;о Кувандыке;kuvandyik
30711;Кудымкар;из Кудымкара;по Кудымкару;в Кудымкар;Кудымкаром;о Кудымкаре;kudyimkar
47278;Куйбышев;из Куйбышева;по Куйбышеву;в Куйбышев;Куйбышевом;о Куйбышеве;kuybyishev
35762;Кулебаки;из Кулебак;по Кулебакам;в Кулебаки;Кулебаками;о Кулебаках;kulebaki
47974;Курганинск;из Курганинска;по Курганинску;в Курганинск;Курганинском;о Курганинске;kurganinsk
21821;Куровское;из Куровского;по Куровскому;в Куровское;Куровским;о Куровском;kurovskoe
42691;Курчатов;из Курчатова;по Курчатову;в Курчатова;Курчатовым;о Курчатове;kurchatov
33027;Кушва;из Кушвы;по Кушве;в Кушву;Кушвой;о Кушве;kushva
38950;Кыштым;из Кыштыма;по Кыштыму;в Кыштым;Кыштымом;о Кыштыме;kyishtyim
20013;Кяхта;из Кяхты;по Кяхте;в Кяхту;Кяхтой;о Кяхте;kyahta
26948;Лабытнанги;из Лабытнанги;по Лабытнанги;в Лабытнанги;Лабытнанги;о Лабытнанги;labyitnangi
41675;Лангепас;из Лангепаса;по Лангепасу;в Лангепас;Лангепасом;о Лангепасе;langepas
20991;Лебедянь;из Лебедяни;по Лебедяни;в Лебедянь;Лебедянью;о Лебедяни;lebedyan
24955;Ленск;из Ленска;по Ленску;в Ленск;Ленском;о Ленске;lensk
22540;Лермонтов;из Лермонтова;по Лермонтову;в Лермонтова;Лермонтовым;о Лермонтове;lermontov
36975;Лесозаводск;из Лесозаводска;по Лесозаводску;в Лесозаводск;Лесозаводском;о Лесозаводске;lesozavodsk
31331;Ликино-Дулёво;из Ликино-Дулёво;по Ликино-Дулёво;в Ликино-Дулёво;Ликино-Дулёво;о Ликино-Дулёво;likino-dulyovo
21053;Лодейное Поле;из Лодейного Поля;по Лодейному Полю;в Лодейное Поле;Лодейным Полем;о Лодейном Поле;lodeynoe-pole
43182;Ломоносов;из Ломоносова;по Ломоносову;в Ломоносова;Ломоносовым;о Ломоносове;lomonosov
22550;Лосино-Петровский;из Лосино-Петровского;по Лосино-Петровскому;в Лосино-Петровский;Лосино-Петровским;о Лосино-Петровском;losino-petrovskiy
36409;Луга;из Луги;по Луге;в Лугу;Лугой;о Луге;luga
29849;Луховицы;из Луховиц;по Луховицам;в Луховицы;Луховицами;о Луховицах;luhovitsyi
21882;Лысково;из Лысково;по Лысково;в Лысково;Лысково;о Лысково;lyiskovo
40550;Людиново;из Людиново;по Людиново;в Людиново;Людиново;о Людиново;lyudinovo
38922;Лянтор;из Лянтора;по Лянтору;в Лянтора;Лянтором;о Лянторе;lyantor
26755;Майский;из Майского;по Майскому;в Майский;Майским;о Майском;mayskiy
31076;Малгобек;из Малгобека;по Малгобеку;в Малгобека;Малгобеком;о Малгобеке;malgobek
30401;Малоярославец;из Малоярославца;по Малоярославцу;в Малоярославца;Малоярославцем;о Малоярославце;maloyaroslavets
40522;Мариинск;из Мариинска;по Мариинску;в Мариинск;Мариинском;о Мариинске;mariinsk
31535;Маркс;из Маркса;по Марксу;в Маркса;Марксом;о Марксе;marks
49471;Мегион;из Мегиона;по Мегиону;в Мегион;Мегионом;о Мегионе;megion
27253;Медногорск;из Медногорска;по Медногорску;в Медногорск;Медногорском;о Медногорске;mednogorsk
22075;Менделеевск;из Менделеевска;по Менделеевску;в Менделеевск;Менделеевском;о Менделеевске;mendeleevsk
36493;Миллерово;из Миллерово;по Миллерово;в Миллерово;Миллерово;о Миллерово;millerovo
37179;Мирный;из Мирного;по Мирному;в Мирный;Мирным;о Мирном;mirnyiy
30259;Мирный;из Мирного;по Мирному;в Мирный;Мирным;о Мирном;mirnyiy-2
31388;Можайск;из Можайска;по Можайску;в Можайск;Можайском;о Можайске;mozhaysk
47959;Можга;из Можги;по Можге;в Можгу;Можгой;о Можге;mozhga
38748;Моздок;из Моздока;по Моздоку;в Моздока;Моздоком;о Моздоке;mozdok
45381;Мончегорск;из Мончегорска;по Мончегорску;в Мончегорск;Мончегорском;о Мончегорске;monchegorsk
27644;Морозовск;из Морозовска;по Морозовску;в Морозовск;Морозовском;о Морозовске;morozovsk
41550;Моршанск;из Моршанска;по Моршанску;в Моршанск;Моршанском;о Моршанске;morshansk
33401;Муравленко;из Муравленко;по Муравленко;в Муравленко;Муравленко;о Муравленко;muravlenko
43216;Мценск;из Мценска;по Мценску;в Мценск;Мценском;о Мценске;mtsensk
43029;Мыски;из Мысков;по Мыскам;в Мыски;Мысками;о Мысках;myiski
46550;Надым;из Надыма;по Надыму;в Надыма;Надымом;о Надыме;nadyim
31679;Нарткала;из Нарткалы;по Нарткале;в Нарткалу;Нарткалой;о Нарткале;nartkala
21296;Нарьян-Мар;из Нарьян-Мара;по Нарьян-Мару;в Нарьян-Мар;Нарьян-Маром;о Нарьян-Маре;naryan-mar
25147;Невьянск;из Невьянска;по Невьянску;в Невьянск;Невьянском;о Невьянске;nevyansk
22886;Нелидово;из Нелидово;по Нелидово;в Нелидово;Нелидово;о Нелидово;nelidovo
22817;Нерехта;из Нерехты;по Нерехте;в Нерехту;Нерехтой;о Нерехте;nerehta
27700;Нефтекумск;из Нефтекумска;по Нефтекумску;в Нефтекумск;Нефтекумском;о Нефтекумске;neftekumsk
37056;Нижнеудинск;из Нижнеудинска;по Нижнеудинску;в Нижнеудинск;Нижнеудинском;о Нижнеудинске;nizhneudinsk
22678;Нижний Ломов;из Нижнего Ломова;по Нижнему Ломову;в Нижнего Ломова;Нижним Ломовым;о Нижнем Ломове;nizhniy-lomov
21596;Нижняя Тура;из Нижней Туры;по Нижней Туре;в Нижнюю Туру;Нижней Турой;о Нижней Туре;nizhnyaya-tura
22773;Николаевск-на-Амуре;из Николаевска-на-Амуре;по Николаевску-на-Амуре;в Николаевск-на-Амуре;Николаевском-на-Амуре;о Николаевске-на-Амуре;nikolaevsk-na-amure
22471;Никольск;из Никольска;по Никольску;в Никольск;Никольском;о Никольске;nikolsk
26759;Новоалександровск;из Новоалександровска;по Новоалександровску;в Новоалександровск;Новоалександровском;о Новоалександровске;novoaleksandrovsk
32635;Нововоронеж;из Нововоронежа;по Нововоронежу;в Нововоронеж;Нововоронежем;о Нововоронеже;novovoronezh
40612;Новодвинск;из Новодвинска;по Новодвинску;в Новодвинск;Новодвинском;о Новодвинске;novodvinsk
40552;Новозыбков;из Новозыбкова;по Новозыбкову;в Новозыбкова;Новозыбковым;о Новозыбкове;novozyibkov
34847;Новокубанск;из Новокубанска;по Новокубанску;в Новокубанск;Новокубанском;о Новокубанске;novokubansk
26556;Новопавловск;из Новопавловска;по Новопавловску;в Новопавловск;Новопавловском;о Новопавловске;novopavlovsk
32600;Нурлат;из Нурлата;по Нурлату;в Нурлат;Нурлатом;о Нурлате;nurlat
22354;Няндома;из Няндомы;по Няндоме;в Няндому;Няндомой;о Няндоме;nyandoma
26137;Обь;из Оби;по Оби;в Обь;Обью;об Оби;ob
25788;Озёры;из Озёр;по Озёрам;в Озёры;Озёрами;об Озёрах;ozyoryi
27244;Октябрьск;из Октябрьска;по Октябрьску;в Октябрьск;Октябрьском;об Октябрьске;oktyabrsk
23079;Оленегорск;из Оленегорска;по Оленегорску;в Оленегорск;Оленегорском;об Оленегорске;olenegorsk
23618;Омутнинск;из Омутнинска;по Омутнинску;в Омутнинск;Омутнинском;об Омутнинске;omutninsk
21359;Онега;из Онеги;по Онеге;в Онегу;Онегой;об Онеге;onega
22420;Оса;из Осы;по Осе;в Осу;Осой;об Осе;osa
45997;Осинники;из Осинников;по Осинникам;в Осинники;Осинниками;об Осинниках;osinniki
21670;Остров;из Острова;по Острову;в Остров;Островом;об Острове;ostrov
33842;Острогожск;из Острогожска;по Острогожску;в Острогожск;Острогожском;об Острогожске;ostrogozhsk
23874;Отрадное;из Отрадного;по Отрадному;в Отрадное;Отрадным;об Отрадном;otradnoe
47709;Отрадный;из Отрадного;по Отрадному;в Отрадный;Отрадным;об Отрадном;otradnyiy
23007;Оха;из Охи;по Охе;в Оху;Охой;об Охе;oha
25126;Павловск;из Павловска;по Павловску;в Павловск;Павловском;о Павловске;pavlovsk
38648;Партизанск;из Партизанска;по Партизанску;в Партизанск;Партизанском;о Партизанске;partizansk
41923;Переславль-Залесский;из Переславля-Залесского;по Переславлю-Залесскому;в Переславль-Залесский;Переславлем-Залесским;о Переславле-Залесском;pereslavl-zalesskiy
31158;Петровск;из Петровска;по Петровску;в Петровск;Петровском;о Петровске;petrovsk
43458;Печора;из Печоры;по Печоре;в Печору;Печорой;о Печоре;pechora
21567;Пикалёво;из Пикалёво;по Пикалёво;в Пикалёво;Пикалёво;о Пикалёво;pikalyovo
27624;Полысаево;из Полысаево;по Полысаево;в Полысаево;Полысаево;о Полысаево;polyisaevo
28181;Похвистнево;из Похвистнево;по Похвистнево;в Похвистнево;Похвистнево;о Похвистнево;pohvistnevo
32253;Приморско-Ахтарск;из Приморско-Ахтарска;по Приморско-Ахтарску;в Приморско-Ахтарска;Приморско-Ахтарском;о Приморско-Ахтарске;primorsko-ahtarsk
20267;Пролетарск;из Пролетарска;по Пролетарску;в Пролетарск;Пролетарском;о Пролетарске;proletarsk
37308;Протвино;из Протвино;по Протвино;в Протвино;Протвино;о Протвино;protvino
41705;Пугачёв;из Пугачёва;по Пугачёву;в Пугачёва;Пугачёвым;о Пугачёве;pugachyov
20263;Пущино;из Пущино;по Пущино;в Пущино;Пущино;о Пущино;puschino
41453;Пыть-Ях;из Пыть-Яха;по Пыть-Яху;в Пыть-Ях;Пыть-Яхом;о Пыть-Яхе;pyit-yah
43394;Радужный;из Радужного;по Радужному;в Радужный;Радужным;о Радужном;raduzhnyiy
18212;Радужный;из Радужного;по Радужному;в Радужный;Радужным;о Радужном;raduzhnyiy-2
20499;Райчихинск;из Райчихинска;по Райчихинску;в Райчихинск;Райчихинском;о Райчихинске;raychihinsk
45484;Рассказово;из Рассказово;по Рассказово;в Рассказово;Рассказово;о Рассказово;rasskazovo
38709;Реж;из Режа;по Режу;в Реж;Режем;о Реже;rezh
26318;Родники;из Родников;по Родникам;в Родники;Родниками;о Родниках;rodniki
31791;Ростов;из Ростова;по Ростову;в Ростов;Ростовом;о Ростове;rostov
21265;Рошаль;из Рошаля;по Рошалю;в Рошаля;Рошалем;о Рошале;roshal
41295;Ртищево;из Ртищево;по Ртищево;в Ртищево;Ртищево;о Ртищево;rtischevo
47529;Рузаевка;из Рузаевки;по Рузаевке;в Рузаевку;Рузаевкой;о Рузаевке;ruzaevka
21676;Ряжск;из Ряжска;по Ряжску;в Ряжск;Ряжском;о Ряжске;ryazhsk
42494;Салехард;из Салехарда;по Салехарду;в Салехард;Салехардом;о Салехарде;salehard
28117;Сасово;из Сасово;по Сасово;в Сасово;Сасово;о Сасово;sasovo
45465;Сатка;из Сатки;по Сатке;в Сатку;Саткой;о Сатке;satka
46116;Сафоново;из Сафоново;по Сафоново;в Сафоново;Сафоново;о Сафоново;safonovo
49889;Саяногорск;из Саяногорска;по Саяногорску;в Саяногорск;Саяногорском;о Саяногорске;sayanogorsk
40786;Саянск;из Саянска;по Саянску;в Саянск;Саянском;о Саянске;sayansk
38520;Светлоград;из Светлограда;по Светлограду;в Светлоград;Светлоградом;о Светлограде;svetlograd
21380;Светлый;из Светлого;по Светлому;в Светлый;Светлым;о Светлом;svetlyiy
23673;Северобайкальск;из Северобайкальска;по Северобайкальску;в Северобайкальск;Северобайкальском;о Северобайкальске;severobaykalsk
29279;Североуральск;из Североуральска;по Североуральску;в Североуральск;Североуральском;о Североуральске;severouralsk
24472;Семёнов;из Семёнова;по Семёнову;в Семёнова;Семёновым;о Семёнове;semyonov
23884;Семикаракорск;из Семикаракорска;по Семикаракорску;в Семикаракорск;Семикаракорском;о Семикаракорске;semikarakorsk
26025;Семилуки;из Семилуков;по Семилукам;в Семилуки;Семилуками;о Семилуках;semiluki
21387;Сергач;из Сергача;по Сергачу;в Сергача;Сергачом;о Сергаче;sergach
35393;Сердобск;из Сердобска;по Сердобску;в Сердобск;Сердобском;о Сердобске;serdobsk
47854;Сертолово;из Сертолово;по Сертолово;в Сертолово;Сертолово;о Сертолово;sertolovo
40570;Сестрорецк;из Сестрорецка;по Сестрорецку;в Сестрорецк;Сестрорецком;о Сестрорецке;sestroretsk
30374;Скопин;из Скопина;по Скопину;в Скопина;Скопиным;о Скопине;skopin
30370;Славгород;из Славгорода;по Славгороду;в Славгород;Славгородом;о Славгороде;slavgorod
33587;Сланцы;из Сланцев;по Сланцам;в Сланцы;Сланцами;о Сланцах;slantsyi
33983;Слободской;из Слободского;по Слободскому;в Слободской;Слободским;о Слободском;slobodskoy
48896;Снежинск;из Снежинска;по Снежинску;в Снежинск;Снежинском;о Снежинске;snezhinsk
41709;Советск;из Советска;по Советску;в Советск;Советском;о Советске;sovetsk
27712;Советская Гавань;из Советской Гавани;по Советской Гавани;в Советскую Гавань;Советской Гаванью;о Советской Гавани;sovetskaya-gavan
26434;Советский;из Советского;по Советскому;в Советский;Советским;о Советском;sovetskiy
38454;Сокол;из Сокола;по Соколу;в Сокол;Соколом;о Соколе;sokol
26308;Соль-Илецк;из Соль-Илецка;по Соль-Илецку;в Соль-Илецк;Соль-Илецком;о Соль-Илецке;sol-iletsk
30136;Сорочинск;из Сорочинска;по Сорочинску;в Сорочинск;Сорочинском;о Сорочинске;sorochinsk
33090;Сосновоборск;из Сосновоборска;по Сосновоборску;в Сосновоборск;Сосновоборском;о Сосновоборске;sosnovoborsk
27809;Сосногорск;из Сосногорска;по Сосногорску;в Сосногорск;Сосногорском;о Сосногорске;sosnogorsk
44166;Спасск-Дальний;из Спасска-Дальнего;по Спасску-Дальнему;в Спасск-Дальний;Спасском-Дальним;о Спасске-Дальнем;spassk-dalniy
20357;Среднеуральск;из Среднеуральска;по Среднеуральску;в Среднеуральск;Среднеуральском;о Среднеуральске;sredneuralsk
21859;Старая Купавна;из Старой Купавны;по Старой Купавне;в Старую Купавну;Старой Купавной;о Старой Купавне;staraya-kupavna
32235;Старая Русса;из Старой Руссы;по Старой Руссе;в Старую Руссу;Старой Руссой;о Старой Руссе;staraya-russa
42216;Стрежевой;из Стрежевого;по Стрежевому;в Стрежевой;Стрежевым;о Стрежевом;strezhevoy
23933;Строитель;из Строителя;по Строителю;в Строителя;Строителем;о Строителе;stroitel
20527;Суровикино;из Суровикино;по Суровикино;в Суровикино;Суровикино;о Суровикино;surovikino
34836;Сухой Лог;из Сухого Лога;по Сухому Логу;в Сухой Лог;Сухим Логом;о Сухом Логе;suhoy-log
20594;Сысерть;из Сысерти;по Сысерти;в Сысерть;Сысертью;о Сысерти;syisert
35421;Тавда;из Тавды;по Тавде;в Тавду;Тавдой;о Тавде;tavda
25330;Тайга;из Тайги;по Тайге;в Тайгу;Тайгой;о Тайге;tayga
35481;Тайшет;из Тайшета;по Тайшету;в Тайшета;Тайшетом;о Тайшете;tayshet
26664;Тара;из Тары;по Таре;в Тару;Тарой;о Таре;tara
20372;Тарко-Сале;из Тарко-Сале;по Тарко-Сале;в Тарко-Сале;Тарко-Сале;о Тарко-Сале;tarko-sale
26114;Татарск;из Татарска;по Татарску;в Татарск;Татарском;о Татарске;tatarsk
23114;Таштагол;из Таштагола;по Таштаголу;в Таштагол;Таштаголом;о Таштаголе;tashtagol
34993;Тейково;из Тейково;по Тейково;в Тейково;Тейково;о Тейково;teykovo
38014;Темрюк;из Темрюка;по Темрюку;в Темрюк;Темрюком;о Темрюке;temryuk
21531;Тогучин;из Тогучина;по Тогучину;в Тогучина;Тогучиным;о Тогучине;toguchin
28642;Топки;из Топков;по Топкам;в Топки;Топками;о Топках;topki
47702;Торжок;из Торжка;по Торжку;в Торжок;Торжком;о Торжке;torzhok
39127;Тосно;из Тосно;по Тосно;в Тосно;Тосно;о Тосно;tosno
33678;Трёхгорный;из Трёхгорного;по Трёхгорному;в Трёхгорный;Трёхгорным;о Трёхгорном;tryohgornyiy
44603;Тулун;из Тулуна;по Тулуну;в Тулун;Тулуном;о Тулуне;tulun
41001;Тутаев;из Тутаева;по Тутаеву;в Тутаев;Тутаевом;о Тутаеве;tutaev
35574;Тында;из Тынды;по Тынде;в Тынду;Тындой;о Тынде;tyinda
21000;Тырныауз;из Тырныауза;по Тырныаузу;в Тырныауз;Тырныаузом;о Тырныаузе;tyirnyiauz
26829;Уварово;из Уварово;по Уварово;в Уварово;Уварово;об Уварово;uvarovo
34505;Углич;из Углича;по Угличу;в Углич;Угличем;об Угличе;uglich
31048;Удомля;из Удомли;по Удомле;в Удомлю;Удомлей;об Удомле;udomlya
26196;Унеча;из Унечи;по Унече;в Унечу;Унечей;об Унече;unecha
39435;Урай;из Урая;по Ураю;в Урай;Ураем;об Урае;uray
41594;Урюпинск;из Урюпинска;по Урюпинску;в Урюпинск;Урюпинском;об Урюпинске;uryupinsk
41100;Усинск;из Усинска;по Усинску;в Усинск;Усинском;об Усинске;usinsk
30602;Усть-Джегута;из Усть-Джегуты;по Усть-Джегуте;в Усть-Джегуту;Усть-Джегутой;об Усть-Джегуте;ust-dzheguta
23586;Усть-Катав;из Усть-Катава;по Усть-Катаву;в Усть-Катава;Усть-Катавом;об Усть-Катаве;ust-katav
45061;Усть-Кут;из Усть-Кута;по Усть-Куту;в Усть-Кута;Усть-Кутом;об Усть-Куте;ust-kut
43268;Усть-Лабинск;из Усть-Лабинска;по Усть-Лабинску;в Усть-Лабинск;Усть-Лабинском;об Усть-Лабинске;ust-labinsk
37771;Учалы;из Учалов;по Учалам;в Учалы;Учалами;об Учалах;uchalyi
23683;Фокино;из Фокино;по Фокино;в Фокино;Фокино;о Фокино;fokino
39489;Фролово;из Фролово;по Фролово;в Фролово;Фролово;о Фролово;frolovo
36149;Фурманов;из Фурманова;по Фурманову;в Фурманов;Фурмановом;о Фурманове;furmanov
21580;Хадыженск;из Хадыженска;по Хадыженску;в Хадыженск;Хадыженском;о Хадыженске;hadyizhensk
30936;Холмск;из Холмска;по Холмску;в Холмск;Холмском;о Холмске;holmsk
21612;Хотьково;из Хотьково;по Хотьково;в Хотьково;Хотьково;о Хотьково;hotkovo
43405;Чебаркуль;из Чебаркуля;по Чебаркулю;в Чебаркуль;Чебаркулём;о Чебаркуле;chebarkul
20986;Черноголовка;из Черноголовки;по Черноголовке;в Черноголовку;Черноголовкой;о Черноголовке;chernogolovka
33275;Чернушка;из Чернушки;по Чернушке;в Чернушку;Чернушкой;о Чернушке;chernushka
40464;Черняховск;из Черняховска;по Черняховску;в Черняховск;Черняховском;о Черняховске;chernyahovsk
46740;Чусовой;из Чусового;по Чусовому;в Чусовой;Чусовым;о Чусовом;chusovoy
47715;Шали;из Шали;по Шали;в Шали;Шали;о Шали;shali
38570;Шарыпово;из Шарыпово;по Шарыпово;в Шарыпово;Шарыпово;о Шарыпово;sharyipovo
23668;Шарья;из Шарьи;по Шарье;в Шарью;Шарьёй;о Шарье;sharya
32836;Шатура;из Шатуры;по Шатуре;в Шатуру;Шатурой;о Шатуре;shatura
21337;Шахунья;из Шахуньи;по Шахунье;в Шахунью;Шахуньей;о Шахунье;shahunya
44277;Шебекино;из Шебекино;по Шебекино;в Шебекино;Шебекино;о Шебекино;shebekino
47960;Шелехов;из Шелехова;по Шелехову;в Шелехова;Шелеховым;о Шелехове;shelehov
33412;Шумерля;из Шумерли;по Шумерле;в Шумерлю;Шумерлей;о Шумерле;shumerlya
22120;Электрогорск;из Электрогорска;по Электрогорску;в Электрогорск;Электрогорском;об Электрогорске;elektrogorsk
20120;Электроугли;из Электроуглей;по Электроуглям;в Электроугли;Электроуглями;об Электроуглях;elektrougli
34066;Югорск;из Югорска;по Югорску;в Югорск;Югорском;о Югорске;yugorsk
37890;Южноуральск;из Южноуральска;по Южноуральску;в Южноуральск;Южноуральском;о Южноуральске;yuzhnouralsk
36494;Ялуторовск;из Ялуторовска;по Ялуторовску;в Ялуторовск;Ялуторовском;о Ялуторовске;yalutorovsk
26988;Янаул;из Янаула;по Янаулу;в Янаул;Янаулом;о Янауле;yanaul
47853;Ярцево;из Ярцево;по Ярцево;в Ярцево;Ярцево;о Ярцево;yartsevo
29660;Сегежа;из Сегежи;по Сегеже;в Сегежу;Сегежой;о Сегеже;segezha
